Category,Filename,Status,Duration,Error
sv_comp,array-examples_data_structures_set_multi_proc_ground-1.c,FAILED,44.54,"The Frama-C verifier failed because the syntax in your `insert` function's requires clause is invalid; you cannot use pointer arithmetic like `set + size` directly within an ACSL expression. You should instead use the range syntax `\valid(set + (0 .. size))` or index the array directly as `\valid(&set[size])`. Once you correct this syntax error, the tool will be able to proceed with verifying the logic of your code."
sv_comp,array-examples_data_structures_set_multi_proc_ground-2.c,FAILED,25.27,"The Frama-C verification failed because you used invalid syntax in your ACSL annotation; specifically, expressions like `set + size` are not valid for pointer arithmetic within formal specifications. To fix this, you should use array index notation such as `\valid(set + size)` or `\valid(&set[size])` depending on your intent, as Frama-C requires precise C-style memory references. Once corrected, Frama-C will attempt to mathematically prove that your `insert` function adheres to your safety and logic requirements."
sv_comp,array-examples_data_structures_set_multi_proc_trivial_ground.c,FAILED,23.92,"The error message ""unexpected token '+'"" occurs because ACSL requires you to use the range operator `..` instead of the plus symbol when specifying memory offsets in memory access predicates. You attempted to write `set + size`, which is invalid syntax for a pointer range; it should be written as `\valid(set + size)` if you mean a single element, or `\valid(set + (0 .. size))` if you mean a range. Correcting the syntax to use the proper range notation will allow the verification process to proceed."
sv_comp,array-examples_relax-1.c,FAILED,39.85,"The verification failed because your loop invariants are insufficient to prove the function's postcondition, specifically when the function finishes with `shift == 1`. Frama-C cannot automatically bridge the gap between your loop logic and the required `is_relaxed_prefix_property` definition for the final result. Additionally, the `main` function is missing an `assigns` clause, which prevents the verification tool from fully understanding the program's memory effects."
sv_comp,array-examples_relax-2-2.c,FAILED,50.57,"The verification failed because your loop invariants are not strong enough to prove that the function matches its formal specification, particularly regarding the state of the array indices when a mismatch is found. Specifically, Frama-C cannot mathematically confirm that your `shift` logic correctly maintains the required relationship between `pat` and `a` across all possible iterations. You need to strengthen your loop invariants to explicitly account for how the mismatched element connects the two array segments."
sv_comp,array-examples_relax-2.c,FAILED,47.41,"The verification process did not find a logical flaw in your function's core logic, but it issued a warning because your 'main' function lacks a formal specification. In formal verification, this means Frama-C cannot guarantee the safety of your program's entry point because it does not know what 'main' is intended to do or which memory it might modify. Adding a simple contract to 'main' will likely resolve this specific message."
sv_comp,array-examples_sanfoundry_02_ground.c,FAILED,35.0,"Your verification failed because you referenced the variable ""k1"" inside your loop invariant without defining where it comes from. In formal logic, Frama-C cannot understand what ""k1"" refers to unless you explicitly declare it using an existential quantifier (e.g., \exists integer k1). You must bind this variable within the scope of the invariant for the proof engine to evaluate the condition."
sv_comp,array-examples_sanfoundry_10_ground.c,PASSED,41.65,"The formal verification succeeded, meaning that the code is mathematically guaranteed to adhere to its defined specifications and is free from the specified assertion failures. Specifically, the proof confirms that the program correctly searches for an element, removes it by shifting subsequent elements, and maintains the invariant that no occurrences of the element remain in the vector prior to the original position. The warnings provided by Frama-C simply note that some external helper functions lack formal specifications, but these do not invalidate the successful verification of your logic."
sv_comp,array-examples_sanfoundry_24-1.c,FAILED,47.66,"Frama-C failed to verify your code because it lacks formal definitions for the external helper functions like `__VERIFIER_assert`, which prevents the tool from knowing how these functions impact memory. Furthermore, you attempted to place formal specifications (the `requires` clause) inside the function body rather than above the loop or function header, which is invalid syntax for Frama-C. Because the tool cannot resolve these definitions and improper annotations, it cannot mathematically guarantee that your assertions will never be triggered."
sv_comp,array-examples_sanfoundry_24-2.c,FAILED,33.03,"The verification failed because your code relies on external, non-deterministic functions that lack formal specifications, preventing Frama-C from knowing how they affect the program state. Specifically, the tools lack instructions on what variables are modified by `__VERIFIER_nondet_int` and `is_even`, which forces the prover to make unsafe assumptions. To fix this, you must add `assigns \nothing;` or an appropriate memory contract to the specifications of these functions."
sv_comp,array-examples_sanfoundry_27_ground.c,PASSED,26.69,"The formal verification succeeded, meaning Frama-C has mathematically confirmed that the variable `largest` is indeed the maximum value present in the array. Specifically, the proof ensures that `largest` is greater than or equal to every element in the array and that it corresponds to at least one element actually stored within the array. The warnings provided are minor, indicating that Frama-C generated a default specification for the non-deterministic input function and that the main function itself lacks an explicit external contract."
sv_comp,array-examples_sanfoundry_43_ground.c,FAILED,35.79,"The verification failed because Frama-C does not automatically recognize the C preprocessor macro ""SIZE"" within your formal logic annotations. To fix this, you must define ""SIZE"" as an ACSL logic constant or integer within the annotation block so the prover can see its value. Once this visibility issue is resolved, Frama-C will be able to process your requirements and invariants to formally verify the code."
